Workbook

Sheet DangKyHoc
A1: ma_phieu_dk | B1: ngay_dk | C1: ma_kh_sach | D1: ma_kh | E1: so_hoc_vien | F1: ten_kh | G1: hoc_phi | H1: tong_hoc_phi
A2: PDK001 | B2: 2026-03-01 | C2: =TRIM(D2) -> TA01 | D2: TA01 | E2: 1 | F2: =VLOOKUP(C2,KhoaHoc!A2:$C$8,2,FALSE) -> Tieng Anh giao tiep | G2: =VLOOKUP(C2,KhoaHoc!A2:$C$8,3,FALSE) -> 2500000 | H2: =G2*E2 -> 2500000
A3: PDK002 | B3: 2026-03-02 | C3: =TRIM(D3) -> TA01 | D3: TA01 | E3: 5 | F3: =VLOOKUP(C3,KhoaHoc!A3:$C$8,2,FALSE) -> #N/A | G3: =VLOOKUP(C3,KhoaHoc!A3:$C$8,3,FALSE) -> #N/A | H3: =G3*E3 -> #N/A
A4: PDK003 | B4: 2026-03-03 | C4: =TRIM(D4) -> TN01 | D4: TN01 | E4: 5 | F4: =VLOOKUP(C4,KhoaHoc!A4:$C$8,2,FALSE) -> Tieng Nhat N5 | G4: =VLOOKUP(C4,KhoaHoc!A4:$C$8,3,FALSE) -> 3500000 | H4: =G4*E4 -> 17500000
A5: PDK004 | B5: 2026-03-04 | C5: =TRIM(D5) -> TH01 | D5: TH01 | E5: 3 | F5: =VLOOKUP(C5,KhoaHoc!A5:$C$8,2,FALSE) -> Tieng Han so cap | G5: =VLOOKUP(C5,KhoaHoc!A5:$C$8,3,FALSE) -> 3200000 | H5: =G5*E5 -> 9600000
A6: PDK005 | B6: 2026-03-05 | C6: =TRIM(D6) -> TE01 | D6: TE01 | E6: 1 | F6: =VLOOKUP(C6,KhoaHoc!A6:$C$8,2,FALSE) -> Tieng Anh tre em | G6: =VLOOKUP(C6,KhoaHoc!A6:$C$8,3,FALSE) -> 2000000 | H6: =G6*E6 -> 2000000
A7: PDK006 | B7: 2026-03-06 | C7: =TRIM(D7) -> TA01 | D7: TA01 | E7: 2 | F7: =VLOOKUP(C7,KhoaHoc!A7:$C$8,2,FALSE) -> #N/A | G7: =VLOOKUP(C7,KhoaHoc!A7:$C$8,3,FALSE) -> #N/A | H7: =G7*E7 -> #N/A
A8: PDK007 | B8: 2026-03-07 | C8: =TRIM(D8) -> TN01 | D8: TN01 | E8: 2 | F8: =VLOOKUP(C8,KhoaHoc!A8:$C$8,2,FALSE) -> #N/A | G8: =VLOOKUP(C8,KhoaHoc!A8:$C$8,3,FALSE) -> #N/A | H8: =G8*E8 -> #N/A
A9: PDK008 | B9: 2026-03-08 | C9: =TRIM(D9) -> TN01 | D9: TN01 | E9: 4 | F9: =VLOOKUP(C9,KhoaHoc!A$8:$C9,2,FALSE) -> #N/A | G9: =VLOOKUP(C9,KhoaHoc!A$8:$C9,3,FALSE) -> #N/A | H9: =G9*E9 -> #N/A
A10: PDK009 | B10: 2026-03-09 | C10: =TRIM(D10) -> TA02 | D10: TA02 | E10: 4 | F10: =VLOOKUP(C10,KhoaHoc!A$8:$C10,2,FALSE) -> #N/A | G10: =VLOOKUP(C10,KhoaHoc!A$8:$C10,3,FALSE) -> #N/A | H10: =G10*E10 -> #N/A
A11: PDK010 | B11: 2026-03-10 | C11: =TRIM(D11) -> TH01 | D11: TH01 | E11: 2 | F11: =VLOOKUP(C11,KhoaHoc!A$8:$C11,2,FALSE) -> #N/A | G11: =VLOOKUP(C11,KhoaHoc!A$8:$C11,3,FALSE) -> #N/A | H11: =G11*E11 -> #N/A
A12: PDK011 | B12: 2026-03-11 | C12: =TRIM(D12) -> TT01 | D12: TT01 | E12: 3 | F12: =VLOOKUP(C12,KhoaHoc!A$8:$C12,2,FALSE) -> #N/A | G12: =VLOOKUP(C12,KhoaHoc!A$8:$C12,3,FALSE) -> #N/A | H12: =G12*E12 -> #N/A
A13: PDK012 | B13: 2026-03-12 | C13: =TRIM(D13) -> TA02 | D13: TA02 | E13: 2 | F13: =VLOOKUP(C13,KhoaHoc!A$8:$C13,2,FALSE) -> #N/A | G13: =VLOOKUP(C13,KhoaHoc!A$8:$C13,3,FALSE) -> #N/A | H13: =G13*E13 -> #N/A
A14: PDK013 | B14: 2026-03-13 | C14: =TRIM(D14) -> TH01 | D14: TH01 | E14: 4 | F14: =VLOOKUP(C14,KhoaHoc!A$8:$C14,2,FALSE) -> #N/A | G14: =VLOOKUP(C14,KhoaHoc!A$8:$C14,3,FALSE) -> #N/A | H14: =G14*E14 -> #N/A
A15: PDK014 | B15: 2026-03-14 | C15: =TRIM(D15) -> TA03 | D15: TA03 | E15: 5 | F15: =VLOOKUP(C15,KhoaHoc!A$8:$C15,2,FALSE) -> #N/A | G15: =VLOOKUP(C15,KhoaHoc!A$8:$C15,3,FALSE) -> #N/A | H15: =G15*E15 -> #N/A
A16: PDK015 | B16: 2026-03-15 | C16: =TRIM(D16) -> TA02 | D16: TA02 | E16: 1 | F16: =VLOOKUP(C16,KhoaHoc!A$8:$C16,2,FALSE) -> #N/A | G16: =VLOOKUP(C16,KhoaHoc!A$8:$C16,3,FALSE) -> #N/A | H16: =G16*E16 -> #N/A

Sheet KhoaHoc
A1: ma_kh | B1: ten_kh | C1: hoc_phi
A2: TA01 | B2: Tieng Anh giao tiep | C2: 2500000
A3: TA02 | B3: IELTS nen tang | C3: 4500000
A4: TA03 | B4: TOEIC 550 | C4: 3000000
A5: TN01 | B5: Tieng Nhat N5 | C5: 3500000
A6: TH01 | B6: Tieng Han so cap | C6: 3200000
A7: TT01 | B7: Tieng Trung HSK1 | C7: 2800000
A8: TE01 | B8: Tieng Anh tre em | C8: 2000000
